sample_id,target
ID1001187975__Dry_Clover_g,6.114049
ID1001187975__Dry_Dead_g,14.239446
ID1001187975__Dry_Green_g,33.508583
ID1001187975__Dry_Total_g,52.216293
ID1001187975__GDM_g,39.088394
